,time,open,high,low,close,tick_volume,spread,real_volume
1499,2026-03-26 08:00:00,0.57976,0.57989,0.57915,0.5797,2116,28,0
