,time,open,high,low,close,tick_volume,spread,real_volume
1499,2026-03-26 06:00:00,0.58049,0.58074,0.57915,0.5797,4964,28,0
