,time,open,high,low,close,tick_volume,spread,real_volume
2999,2026-03-26 08:45:00,9.02651,9.0349,9.02646,9.03407,414,599,0
