,time,open,high,low,close,tick_volume,spread,real_volume
2499,2026-03-26 08:00:00,9.03337,9.03538,9.02329,9.03431,1631,599,0
