,time,open,high,low,close,tick_volume,spread,real_volume
1499,2026-03-26 06:00:00,9.04226,9.04553,9.02329,9.03431,3727,599,0
