,time,open,high,low,close,tick_volume,spread,real_volume
2999,2026-03-26 08:45:00,0.86497,0.86526,0.86493,0.86524,620,22,0
