,time,open,high,low,close,tick_volume,spread,real_volume
2499,2026-03-26 08:30:00,0.86502,0.86526,0.86493,0.86523,1338,22,0
