,time,open,high,low,close,tick_volume,spread,real_volume
1499,2026-03-26 06:00:00,0.86547,0.86561,0.86491,0.86522,6046,22,0
