,time,open,high,low,close,tick_volume,spread,real_volume
1499,2026-03-26 08:00:00,0.86531,0.86536,0.86491,0.86522,2843,22,0
