,time,open,high,low,close,tick_volume,spread,real_volume
2999,2026-03-26 08:55:00,0.55035,0.55045,0.55025,0.55036,145,31,0
