,time,open,high,low,close,tick_volume,spread,real_volume
2999,2026-03-26 08:45:00,0.79236,0.79236,0.79168,0.79181,382,24,0
