,time,open,high,low,close,tick_volume,spread,real_volume
2999,2026-03-26 08:55:00,0.79188,0.79191,0.79168,0.79181,156,24,0
