,time,open,high,low,close,tick_volume,spread,real_volume
1499,2026-03-26 06:00:00,0.79163,0.79263,0.79128,0.79181,3517,23,0
