,time,open,high,low,close,tick_volume,spread,real_volume
1499,2026-03-26 08:00:00,0.7922,0.79263,0.79168,0.79181,1669,23,0
