,time,open,high,low,close,tick_volume,spread,real_volume
2999,2026-03-26 08:45:00,1.66311,1.66372,1.66283,1.6634799999999998,1442,34,0
