,time,open,high,low,close,tick_volume,spread,real_volume
2499,2026-03-26 08:00:00,1.66342,1.6643,1.66265,1.66347,6731,34,0
