,time,open,high,low,close,tick_volume,spread,real_volume
2499,2026-03-26 08:30:00,1.6631200000000002,1.66372,1.66265,1.6635,2999,34,0
