,time,open,high,low,close,tick_volume,spread,real_volume
1499,2026-03-26 08:00:00,1.66342,1.6643,1.66265,1.66345,6732,34,0
