,time,open,high,low,close,tick_volume,spread,real_volume
2999,2026-03-26 08:55:00,1.66329,1.66372,1.66309,1.6634799999999998,529,34,0
