,time,open,high,low,close,tick_volume,spread,real_volume
1499,2026-03-26 06:00:00,1.6642299999999999,1.66471,1.66256,1.66345,15660,34,0
