,time,open,high,low,close,tick_volume,spread,real_volume
2999,2026-03-26 08:45:00,9.68091,9.68091,9.66737,9.66991,253,1719,0
