,time,open,high,low,close,tick_volume,spread,real_volume
2499,2026-03-26 08:30:00,9.68515,9.68529,9.66737,9.66991,584,1719,0
