,time,open,high,low,close,tick_volume,spread,real_volume
2999,2026-03-26 08:55:00,9.67149,9.67155,9.66737,9.66991,110,1719,0
