,time,open,high,low,close,tick_volume,spread,real_volume
1499,2026-03-26 06:00:00,9.68977,9.69229,9.66737,9.66859,7764,1657,0
