,time,open,high,low,close,tick_volume,spread,real_volume
1499,2026-03-26 08:00:00,9.68711,9.69029,9.66737,9.66853,1011,1657,0
