,time,open,high,low,close,tick_volume,spread,real_volume
2999,2026-03-26 08:45:00,1.33555,1.33662,1.33555,1.33639,750,20,0
