,time,open,high,low,close,tick_volume,spread,real_volume
499,2026-03-26,1.33603,1.3366799999999999,1.33476,1.3363800000000001,19165,20,0
