,time,open,high,low,close,tick_volume,spread,real_volume
2999,2026-03-26 08:55:00,1.33629,1.33662,1.33627,1.33639,288,20,0
