,time,open,high,low,close,tick_volume,spread,real_volume
1499,2026-03-26 06:00:00,1.33637,1.3366799999999999,1.33511,1.3363800000000001,7417,20,0
