,time,open,high,low,close,tick_volume,spread,real_volume
1499,2026-03-26 08:00:00,1.33539,1.33662,1.33511,1.3363800000000001,3741,20,0
