,time,open,high,low,close,tick_volume,spread,real_volume
2999,2026-03-26 08:45:00,44.34205,44.34205,44.34106,44.34205,12,5063,0
