,time,open,high,low,close,tick_volume,spread,real_volume
499,2026-03-26,44.32521,44.34338,44.31376,44.34205,525,5005,0
