,time,open,high,low,close,tick_volume,spread,real_volume
2499,2026-03-26 08:30:00,44.34181,44.34205,44.34106,44.34205,20,5063,0
