,time,open,high,low,close,tick_volume,spread,real_volume
1499,2026-03-26 06:00:00,44.34182,44.34338,44.33999,44.34205,177,5005,0
