,time,open,high,low,close,tick_volume,spread,real_volume
1499,2026-03-26 08:00:00,44.34181,44.34338,44.34071,44.34205,61,5005,0
