,time,open,high,low,close,tick_volume,spread,real_volume
2999,2026-03-26 08:45:00,12.93419,12.93531,12.92356,12.92704,255,1884,0
