,time,open,high,low,close,tick_volume,spread,real_volume
499,2026-03-26,12.92086,12.95546,12.91999,12.92704,10134,1863,0
