,time,open,high,low,close,tick_volume,spread,real_volume
2499,2026-03-26 08:30:00,12.94274,12.94415,12.92356,12.92704,450,1884,0
