,time,open,high,low,close,tick_volume,spread,real_volume
2999,2026-03-26 08:55:00,12.92735,12.92735,12.92356,12.92704,156,2007,0
