,time,open,high,low,close,tick_volume,spread,real_volume
1499,2026-03-26 06:00:00,12.95343,12.95546,12.92356,12.92704,2242,1863,0
