,time,open,high,low,close,tick_volume,spread,real_volume
1499,2026-03-26 08:00:00,12.93935,12.94481,12.92356,12.92704,1228,1863,0
