,time,open,high,low,close,tick_volume,spread,real_volume
2999,2026-03-26 08:45:00,4.27552,4.27552,4.27355,4.2748,120,855,0
