,time,open,high,low,close,tick_volume,spread,real_volume
499,2026-03-26,4.2704699999999995,4.27878,4.26954,4.2748,2129,0,0
