,time,open,high,low,close,tick_volume,spread,real_volume
2499,2026-03-26 08:00:00,4.27598,4.27878,4.27355,4.2748,881,771,0
