,time,open,high,low,close,tick_volume,spread,real_volume
2499,2026-03-26 08:30:00,4.27664,4.2771799999999995,4.27355,4.2748,262,835,0
