,time,open,high,low,close,tick_volume,spread,real_volume
1499,2026-03-26 06:00:00,4.2726,4.27878,4.27242,4.2748,1136,771,0
