,time,open,high,low,close,tick_volume,spread,real_volume
2999,2026-03-26 08:45:00,51.34923,51.39706,51.34898,51.39142,76,11082,0
