,time,open,high,low,close,tick_volume,spread,real_volume
2499,2026-03-26 08:00:00,51.36081,51.39706,51.33306,51.39142,299,10822,0
