,time,open,high,low,close,tick_volume,spread,real_volume
2499,2026-03-26 08:30:00,51.36671,51.39706,51.33306,51.39142,154,10822,0
