,time,open,high,low,close,tick_volume,spread,real_volume
2999,2026-03-26 08:55:00,51.3807,51.39706,51.38068,51.39142,24,11082,0
