,time,open,high,low,close,tick_volume,spread,real_volume
1499,2026-03-26 06:00:00,51.40533,51.42142,51.33306,51.39142,539,10822,0
