,time,open,high,low,close,tick_volume,spread,real_volume
2999,2026-03-26 08:45:00,1.59672,1.59792,1.5967,1.59781,1147,31,0
