,time,open,high,low,close,tick_volume,spread,real_volume
2499,2026-03-26 08:00:00,1.59758,1.59792,1.5964800000000001,1.5977700000000001,4217,31,0
