,time,open,high,low,close,tick_volume,spread,real_volume
2499,2026-03-26 08:30:00,1.5971899999999999,1.59792,1.5964800000000001,1.5977700000000001,2015,31,0
