,time,open,high,low,close,tick_volume,spread,real_volume
2999,2026-03-26 08:55:00,1.59748,1.59792,1.59745,1.59779,452,31,0
