,time,open,high,low,close,tick_volume,spread,real_volume
1499,2026-03-26 06:00:00,1.59842,1.59887,1.5964800000000001,1.59778,9673,30,0
