,time,open,high,low,close,tick_volume,spread,real_volume
1499,2026-03-26 08:00:00,1.59758,1.59792,1.5964800000000001,1.59778,4218,31,0
