,time,open,high,low,close,tick_volume,spread,real_volume
2999,2026-03-26 08:45:00,3.7012,3.7012,3.6959999999999997,3.69744,306,497,0
