,time,open,high,low,close,tick_volume,spread,real_volume
2499,2026-03-26 08:00:00,3.70058,3.70413,3.6959999999999997,3.69744,3271,458,0
