,time,open,high,low,close,tick_volume,spread,real_volume
2499,2026-03-26 08:30:00,3.70078,3.70336,3.6959999999999997,3.69744,640,497,0
