,time,open,high,low,close,tick_volume,spread,real_volume
2999,2026-03-26 08:55:00,3.69814,3.69824,3.6959999999999997,3.69744,138,497,0
