,time,open,high,low,close,tick_volume,spread,real_volume
1499,2026-03-26 06:00:00,3.6943200000000003,3.70413,3.69368,3.69744,5202,458,0
