,time,open,high,low,close,tick_volume,spread,real_volume
2999,2026-03-26 08:45:00,1.7118600000000002,1.71218,1.71181,1.7118799999999998,178,347,0
