,time,open,high,low,close,tick_volume,spread,real_volume
499,2026-03-26,1.70909,1.7123,1.70877,1.7118799999999998,4970,347,0
