,time,open,high,low,close,tick_volume,spread,real_volume
2499,2026-03-26 08:00:00,1.71181,1.7123,1.7116099999999999,1.7118799999999998,885,347,0
