,time,open,high,low,close,tick_volume,spread,real_volume
2499,2026-03-26 08:30:00,1.71219,1.7122899999999999,1.7116099999999999,1.7118799999999998,370,347,0
