,time,open,high,low,close,tick_volume,spread,real_volume
2999,2026-03-26 08:55:00,1.7121,1.71218,1.71181,1.7118799999999998,97,347,0
