,time,open,high,low,close,tick_volume,spread,real_volume
1499,2026-03-26 06:00:00,1.71171,1.7123,1.71147,1.7118799999999998,1726,347,0
