,time,open,high,low,close,tick_volume,spread,real_volume
2999,2026-03-26 08:45:00,1.92245,1.92269,1.92208,1.92238,1375,40,0
