,time,open,high,low,close,tick_volume,spread,real_volume
499,2026-03-26,1.92118,1.9255,1.9208699999999999,1.92232,44299,38,0
