,time,open,high,low,close,tick_volume,spread,real_volume
2499,2026-03-26 08:00:00,1.92208,1.9233500000000001,1.9217499999999998,1.92233,7006,38,0
