,time,open,high,low,close,tick_volume,spread,real_volume
2499,2026-03-26 08:30:00,1.92232,1.92269,1.92184,1.9223599999999998,2927,40,0
