,time,open,high,low,close,tick_volume,spread,real_volume
2999,2026-03-26 08:55:00,1.92235,1.92258,1.92208,1.92238,536,40,0
