,time,open,high,low,close,tick_volume,spread,real_volume
1499,2026-03-26 06:00:00,1.92265,1.9233500000000001,1.9208699999999999,1.9223400000000002,16373,38,0
