,time,open,high,low,close,tick_volume,spread,real_volume
1499,2026-03-26 08:00:00,1.92208,1.9233500000000001,1.9217499999999998,1.9223400000000002,7008,38,0
