,time,open,high,low,close,tick_volume,spread,real_volume
2999,2026-03-26 08:45:00,7.46959,7.46968,7.46957,7.46957,14,424,0
