,time,open,high,low,close,tick_volume,spread,real_volume
1499,2026-03-26 08:00:00,7.46942,7.46968,7.46937,7.46957,71,424,0
