,time,open,high,low,close,tick_volume,spread,real_volume
1499,2026-03-26 06:00:00,7.4698,7.46994,7.46937,7.46957,193,422,0
