,time,open,high,low,close,tick_volume,spread,real_volume
2999,2026-03-26 08:45:00,19.65488,19.65691,19.64305,19.64902,1838,2345,0
