,time,open,high,low,close,tick_volume,spread,real_volume
499,2026-03-26,19.5716,19.6828,19.53239,19.64902,33634,2136,0
