,time,open,high,low,close,tick_volume,spread,real_volume
2499,2026-03-26 08:30:00,19.6588,19.67027,19.64305,19.64902,3069,2216,0
