,time,open,high,low,close,tick_volume,spread,real_volume
1499,2026-03-26 08:00:00,19.66662,19.6828,19.64305,19.64902,5882,2216,0
