,time,open,high,low,close,tick_volume,spread,real_volume
2999,2026-03-26 08:55:00,19.65015,19.65412,19.64305,19.64902,599,2345,0
