,time,open,high,low,close,tick_volume,spread,real_volume
1499,2026-03-26 06:00:00,19.62675,19.6828,19.62375,19.64902,12006,2136,0
