,time,open,high,low,close,tick_volume,spread,real_volume
2999,2026-03-26 08:45:00,11.18942,11.19014,11.18282,11.1869,183,1516,0
