,time,open,high,low,close,tick_volume,spread,real_volume
499,2026-03-26,11.18142,11.21422,11.18092,11.1869,13425,1300,0
