,time,open,high,low,close,tick_volume,spread,real_volume
2499,2026-03-26 08:30:00,11.19852,11.19912,11.18282,11.1869,399,1516,0
