,time,open,high,low,close,tick_volume,spread,real_volume
1499,2026-03-26 08:00:00,11.19882,11.20122,11.18282,11.1869,1132,1300,0
