,time,open,high,low,close,tick_volume,spread,real_volume
2999,2026-03-26 08:55:00,11.18594,11.18722,11.18282,11.1869,99,1516,0
