,time,open,high,low,close,tick_volume,spread,real_volume
1499,2026-03-26 06:00:00,11.21252,11.21422,11.18282,11.1869,3517,1300,0
