,time,open,high,low,close,tick_volume,spread,real_volume
2999,2026-03-26 08:45:00,1.1985999999999999,1.19878,1.19845,1.19867,1156,37,0
