,time,open,high,low,close,tick_volume,spread,real_volume
2499,2026-03-26 08:30:00,1.19837,1.19878,1.1983,1.19867,2462,37,0
