,time,open,high,low,close,tick_volume,spread,real_volume
2999,2026-03-26 08:55:00,1.19863,1.19871,1.1985000000000001,1.19867,408,37,0
