,time,open,high,low,close,tick_volume,spread,real_volume
1499,2026-03-26 06:00:00,1.19686,1.19878,1.19679,1.19867,14521,37,0
