,time,open,high,low,close,tick_volume,spread,real_volume
1499,2026-03-26 08:00:00,1.19788,1.19878,1.19772,1.19865,5850,37,0
