,time,open,high,low,close,tick_volume,spread,real_volume
2999,2026-03-26 08:45:00,1.48141,1.48196,1.48135,1.48186,334,200,0
