,time,open,high,low,close,tick_volume,spread,real_volume
2499,2026-03-26 08:00:00,1.48194,1.48218,1.48118,1.48186,1364,198,0
