,time,open,high,low,close,tick_volume,spread,real_volume
2499,2026-03-26 08:30:00,1.48177,1.48196,1.48118,1.48186,649,200,0
