,time,open,high,low,close,tick_volume,spread,real_volume
2999,2026-03-26 08:55:00,1.48186,1.48196,1.4816799999999999,1.48186,132,200,0
