,time,open,high,low,close,tick_volume,spread,real_volume
1499,2026-03-26 06:00:00,1.48213,1.48261,1.48118,1.48186,3131,198,0
