,time,open,high,low,close,tick_volume,spread,real_volume
2999,2026-03-26 08:45:00,8.63132,8.63172,8.62842,8.62882,327,1135,0
