,time,open,high,low,close,tick_volume,spread,real_volume
2499,2026-03-26 08:00:00,8.62742,8.631920000000001,8.62732,8.62882,1450,1135,0
