,time,open,high,low,close,tick_volume,spread,real_volume
2499,2026-03-26 08:30:00,8.63072,8.631920000000001,8.62842,8.62882,701,1135,0
