,time,open,high,low,close,tick_volume,spread,real_volume
2999,2026-03-26 08:55:00,8.63002,8.63002,8.62842,8.62882,123,1135,0
