,time,open,high,low,close,tick_volume,spread,real_volume
1499,2026-03-26 06:00:00,8.62672,8.631920000000001,8.62512,8.62882,3455,1135,0
