,time,open,high,low,close,tick_volume,spread,real_volume
2999,2026-03-26 08:45:00,0.57321,0.57321,0.57287,0.57294,576,44,0
