,time,open,high,low,close,tick_volume,spread,real_volume
2499,2026-03-26 08:00:00,0.57293,0.5733,0.57287,0.57295,2307,42,0
