,time,open,high,low,close,tick_volume,spread,real_volume
2499,2026-03-26 08:30:00,0.57308,0.57324,0.57287,0.57294,1064,42,0
