,time,open,high,low,close,tick_volume,spread,real_volume
2999,2026-03-26 08:55:00,0.57298,0.57301,0.57287,0.57294,206,44,0
