,time,open,high,low,close,tick_volume,spread,real_volume
1499,2026-03-26 06:00:00,0.57276,0.5733,0.57248,0.57294,5467,42,0
