,time,open,high,low,close,tick_volume,spread,real_volume
2999,2026-03-26 08:45:00,0.69458,0.69519,0.69456,0.69506,797,23,0
