,time,open,high,low,close,tick_volume,spread,real_volume
2499,2026-03-26 08:30:00,0.69484,0.69519,0.69435,0.69506,1794,23,0
