,time,open,high,low,close,tick_volume,spread,real_volume
2999,2026-03-26 08:55:00,0.69499,0.69519,0.69498,0.69506,244,23,0
