,time,open,high,low,close,tick_volume,spread,real_volume
1499,2026-03-26 06:00:00,0.69494,0.69559,0.69413,0.69506,10051,23,0
