,time,open,high,low,close,tick_volume,spread,real_volume
1499,2026-03-26 08:00:00,0.69461,0.69519,0.69413,0.69506,4345,23,0
