,time,open,high,low,close,tick_volume,spread,real_volume
2999,2026-03-26 08:45:00,1.28186,1.28186,1.28082,1.28112,461,211,0
