,time,open,high,low,close,tick_volume,spread,real_volume
2499,2026-03-26 08:30:00,1.2817,1.28206,1.28082,1.28112,882,211,0
