,time,open,high,low,close,tick_volume,spread,real_volume
2999,2026-03-26 08:55:00,1.28136,1.28137,1.28082,1.28112,225,211,0
