,time,open,high,low,close,tick_volume,spread,real_volume
1499,2026-03-26 06:00:00,1.28099,1.28233,1.28082,1.28112,4072,211,0
