,time,open,high,low,close,tick_volume,spread,real_volume
2999,2026-03-26 08:45:00,1.15537,1.1565400000000001,1.15537,1.15644,574,19,0
