,time,open,high,low,close,tick_volume,spread,real_volume
499,2026-03-26,1.1558,1.15716,1.1550799999999999,1.15643,13545,19,0
