,time,open,high,low,close,tick_volume,spread,real_volume
2499,2026-03-26 08:00:00,1.15568,1.1565400000000001,1.1550799999999999,1.15644,2515,19,0
