,time,open,high,low,close,tick_volume,spread,real_volume
2999,2026-03-26 08:55:00,1.15618,1.1565400000000001,1.15616,1.15644,261,19,0
