,time,open,high,low,close,tick_volume,spread,real_volume
1499,2026-03-26 06:00:00,1.15676,1.15716,1.1550799999999999,1.15644,5491,19,0
