,time,open,high,low,close,tick_volume,spread,real_volume
2999,2026-03-26 08:45:00,1.99371,1.99441,1.9934500000000002,1.99428,929,41,0
