,time,open,high,low,close,tick_volume,spread,real_volume
2499,2026-03-26 08:30:00,1.99329,1.99441,1.99299,1.99424,1890,41,0
