,time,open,high,low,close,tick_volume,spread,real_volume
2999,2026-03-26 08:55:00,1.9939900000000002,1.99441,1.99378,1.9942600000000001,386,41,0
