,time,open,high,low,close,tick_volume,spread,real_volume
1499,2026-03-26 06:00:00,1.9921600000000002,1.99441,1.99163,1.99424,9814,40,0
