,time,open,high,low,close,tick_volume,spread,real_volume
2999,2026-03-26 08:45:00,1.6173199999999999,1.61773,1.6172900000000001,1.6175000000000002,366,306,0
