,time,open,high,low,close,tick_volume,spread,real_volume
499,2026-03-26,1.6169799999999999,1.6187,1.61618,1.6175000000000002,11083,306,0
