,time,open,high,low,close,tick_volume,spread,real_volume
2499,2026-03-26 08:30:00,1.61753,1.61775,1.61724,1.6175000000000002,707,306,0
