,time,open,high,low,close,tick_volume,spread,real_volume
1499,2026-03-26 08:00:00,1.61784,1.61803,1.61724,1.6175000000000002,1550,306,0
