,time,open,high,low,close,tick_volume,spread,real_volume
2999,2026-03-26 08:55:00,1.61767,1.61773,1.61735,1.6175000000000002,137,306,0
