,time,open,high,low,close,tick_volume,spread,real_volume
1499,2026-03-26 06:00:00,1.61771,1.6187,1.61724,1.6175000000000002,3649,306,0
