,time,open,high,low,close,tick_volume,spread,real_volume
2999,2026-03-26 08:45:00,12.48533,12.48598,12.47903,12.47963,561,1610,0
