,time,open,high,low,close,tick_volume,spread,real_volume
499,2026-03-26,12.48193,12.49683,12.47283,12.47963,29163,1380,0
