,time,open,high,low,close,tick_volume,spread,real_volume
2499,2026-03-26 08:30:00,12.48618,12.48743,12.47903,12.47963,1207,1510,0
