,time,open,high,low,close,tick_volume,spread,real_volume
2999,2026-03-26 08:55:00,12.48213,12.48238,12.47903,12.47978,198,1620,0
