,time,open,high,low,close,tick_volume,spread,real_volume
1499,2026-03-26 06:00:00,12.47743,12.49143,12.47283,12.47963,7329,1415,0
