,time,open,high,low,close,tick_volume,spread,real_volume
1499,2026-03-26 08:00:00,12.48173,12.49143,12.47863,12.47963,3158,1510,0
