,time,open,high,low,close,tick_volume,spread,real_volume
2999,2026-03-26 08:45:00,9.34776,9.34776,9.336500000000001,9.338799999999999,278,1202,0
