,time,open,high,low,close,tick_volume,spread,real_volume
2499,2026-03-26 08:30:00,9.34462,9.35112,9.336500000000001,9.3391,513,1202,0
