,time,open,high,low,close,tick_volume,spread,real_volume
1499,2026-03-26 08:00:00,9.34472,9.35356,9.336500000000001,9.33912,1086,1202,0
