,time,open,high,low,close,tick_volume,spread,real_volume
2999,2026-03-26 08:55:00,9.34036,9.34036,9.336500000000001,9.33944,162,1202,0
