,time,open,high,low,close,tick_volume,spread,real_volume
1499,2026-03-26 06:00:00,9.33484,9.35356,9.33024,9.33912,5295,1202,0
