,time,open,high,low,close,tick_volume,spread,real_volume
1499,2026-03-26 06:00:00,0.74287,0.74318,0.74191,0.742,3380,296,0
