,time,open,high,low,close,tick_volume,spread,real_volume
1499,2026-03-26 08:00:00,0.74249,0.74266,0.74191,0.742,2276,296,0
