,time,open,high,low,close,tick_volume,spread,real_volume
2499,2026-03-26 08:30:00,1.05835,1.0585,1.05809,1.05822,1995,39,0
