,time,open,high,low,close,tick_volume,spread,real_volume
2999,2026-03-26 08:55:00,1.05823,1.05829,1.05809,1.05822,348,40,0
