,time,open,high,low,close,tick_volume,spread,real_volume
1499,2026-03-26 06:00:00,1.05796,1.0585,1.05739,1.05823,9029,39,0
