,time,open,high,low,close,tick_volume,spread,real_volume
1499,2026-03-26 08:00:00,1.05794,1.0585,1.05789,1.05823,4300,39,0
