,time,open,high,low,close,tick_volume,spread,real_volume
2999,2026-03-26 08:45:00,6.46412,6.46412,6.45778,6.45847,1015,391,0
