,time,open,high,low,close,tick_volume,spread,real_volume
2999,2026-03-26 08:55:00,6.45993,6.46002,6.45778,6.45851,501,392,0
