,time,open,high,low,close,tick_volume,spread,real_volume
1499,2026-03-26 06:00:00,6.45667,6.46592,6.45463,6.4585,11019,386,0
