,time,open,high,low,close,tick_volume,spread,real_volume
1499,2026-03-26 08:00:00,6.46244,6.46592,6.45778,6.45847,3892,386,0
