,time,open,high,low,close,tick_volume,spread,real_volume
2999,2026-03-26 08:45:00,0.9599,0.96046,0.95986,0.96034,1363,33,0
