,time,open,high,low,close,tick_volume,spread,real_volume
2499,2026-03-26 08:00:00,0.96023,0.96046,0.95945,0.96034,5956,33,0
