,time,open,high,low,close,tick_volume,spread,real_volume
2499,2026-03-26 08:30:00,0.96016,0.96046,0.95969,0.96034,2736,33,0
