,time,open,high,low,close,tick_volume,spread,real_volume
2999,2026-03-26 08:55:00,0.96026,0.96046,0.96018,0.96034,486,33,0
