,time,open,high,low,close,tick_volume,spread,real_volume
1499,2026-03-26 06:00:00,0.96027,0.96106,0.95945,0.96033,13768,32,0
