,time,open,high,low,close,tick_volume,spread,real_volume
2999,2026-03-26 08:45:00,10.80217,10.80237,10.79957,10.800370000000001,228,1119,0
