,time,open,high,low,close,tick_volume,spread,real_volume
2499,2026-03-26 08:30:00,10.80291,10.80377,10.79957,10.800370000000001,437,1119,0
