,time,open,high,low,close,tick_volume,spread,real_volume
1499,2026-03-26 08:00:00,10.80277,10.80847,10.79957,10.80027,879,1105,0
