,time,open,high,low,close,tick_volume,spread,real_volume
2999,2026-03-26 08:55:00,10.80107,10.80107,10.79957,10.800370000000001,120,1119,0
