,time,open,high,low,close,tick_volume,spread,real_volume
1499,2026-03-26 06:00:00,10.80163,10.80847,10.79787,10.80027,1678,1105,0
