,time,open,high,low,close,tick_volume,spread,real_volume
2999,2026-03-26 08:45:00,1.3820299999999999,1.38204,1.3816,1.3817,603,27,0
