,time,open,high,low,close,tick_volume,spread,real_volume
2499,2026-03-26 08:00:00,1.38242,1.38252,1.3816,1.38171,2528,27,0
