,time,open,high,low,close,tick_volume,spread,real_volume
2499,2026-03-26 08:30:00,1.38189,1.38218,1.3816,1.38171,1162,27,0
