,time,open,high,low,close,tick_volume,spread,real_volume
2999,2026-03-26 08:55:00,1.38172,1.3817300000000001,1.3816,1.3817,190,27,0
