,time,open,high,low,close,tick_volume,spread,real_volume
1499,2026-03-26 06:00:00,1.38188,1.38252,1.3816,1.38171,6047,27,0
