,time,open,high,low,close,tick_volume,spread,real_volume
2999,2026-03-26 08:45:00,0.80063,0.80111,0.80062,0.80096,764,42,0
