,time,open,high,low,close,tick_volume,spread,real_volume
2499,2026-03-26 08:00:00,0.80141,0.80157,0.80052,0.80095,3227,42,0
