,time,open,high,low,close,tick_volume,spread,real_volume
2499,2026-03-26 08:30:00,0.80104,0.80116,0.80058,0.80096,1455,42,0
