,time,open,high,low,close,tick_volume,spread,real_volume
1499,2026-03-26 06:00:00,0.80213,0.80238,0.80052,0.80095,7497,41,0
