,time,open,high,low,close,tick_volume,spread,real_volume
2999,2026-03-26 08:45:00,0.91556,0.91577,0.91549,0.91575,559,29,0
