,time,open,high,low,close,tick_volume,spread,real_volume
2499,2026-03-26 08:30:00,0.9156,0.91577,0.91545,0.91576,1070,29,0
