,time,open,high,low,close,tick_volume,spread,real_volume
2999,2026-03-26 08:55:00,0.91564,0.91577,0.91563,0.91575,208,29,0
