,time,open,high,low,close,tick_volume,spread,real_volume
1499,2026-03-26 06:00:00,0.91578,0.91584,0.9153,0.91575,4938,29,0
