,time,open,high,low,close,tick_volume,spread,real_volume
1499,2026-03-26 08:00:00,0.9156,0.91583,0.91545,0.91575,2380,29,0
