,time,open,high,low,close,tick_volume,spread,real_volume
2999,2026-03-26 08:45:00,1.84565,1.84654,1.84565,1.84634,1068,51,0
