,time,open,high,low,close,tick_volume,spread,real_volume
2499,2026-03-26 08:30:00,1.84606,1.84654,1.84534,1.84634,2021,51,0
