,time,open,high,low,close,tick_volume,spread,real_volume
2999,2026-03-26 08:55:00,1.8462,1.84654,1.8461699999999999,1.84634,445,54,0
