,time,open,high,low,close,tick_volume,spread,real_volume
1499,2026-03-26 06:00:00,1.84653,1.84686,1.84534,1.84632,10722,51,0
