,time,open,high,low,close,tick_volume,spread,real_volume
1499,2026-03-26 08:00:00,1.84593,1.84654,1.84534,1.84632,4713,51,0
