,time,open,high,low,close,tick_volume,spread,real_volume
2999,2026-03-26 08:45:00,0.45902,0.45909,0.45892,0.45899,416,42,0
