,time,open,high,low,close,tick_volume,spread,real_volume
2499,2026-03-26 08:30:00,0.45915,0.45924,0.45892,0.45899,900,41,0
