,time,open,high,low,close,tick_volume,spread,real_volume
1499,2026-03-26 06:00:00,0.45951,0.4596,0.45891,0.45899,5203,40,0
