,time,open,high,low,close,tick_volume,spread,real_volume
1499,2026-03-26 08:00:00,0.45926,0.4593,0.45891,0.45898,2100,40,0
