,time,open,high,low,close,tick_volume,spread,real_volume
2999,2026-03-26 08:45:00,2.30456,2.30487,2.30417,2.30452,970,67,0
