,time,open,high,low,close,tick_volume,spread,real_volume
2499,2026-03-26 08:00:00,2.30255,2.30487,2.30239,2.30452,4998,66,0
