,time,open,high,low,close,tick_volume,spread,real_volume
2499,2026-03-26 08:30:00,2.30395,2.30487,2.30357,2.30452,2117,67,0
