,time,open,high,low,close,tick_volume,spread,real_volume
1499,2026-03-26 06:00:00,2.3014,2.30487,2.3007400000000002,2.30454,11393,65,0
